person1,person2,ms_p1,ms_p2,distance
83569979_6e3eedcc,1632bec2_52d70733,4,-3,7
4994d25f_fb1355ee,b5b7361d_cf586ea0,4,-3,7
4994d25f_fb1355ee,a8a32a9f_ae184492,4,-3,7
70af45c5_3ff6612,7e1b8296_b7dcbaca,4,-3,7
70af45c5_3ff6612,2f878b2c_55a1556d,4,-3,7
70af45c5_3ff6612,e64780f9_8a183fdb,4,-3,7
70af45c5_3ff6612,89777ec6_f3a30f2d,4,-3,7
d2c95676_56a7db59,a64c47ea_dbafbd1d,3,-4,7
83569979_6e3eedcc,c83cf69_33175f12,4,-2,6
38471523_fe405283,834f4398_9b28b808,4,-2,6
38471523_fe405283,bfe2dcbd_c2e2e937,4,-2,6
38471523_fe405283,8390f47d_1ecbe6e,4,-2,6
38471523_fe405283,d87aa3f4_83623ff,4,-2,6
38471523_fe405283,b7c678c3_bc9c8463,4,-2,6
38471523_fe405283,58de09cf_8eab16d9,4,-2,6
38471523_fe405283,8d304245_4ed12c66,4,-2,6
38471523_fe405283,fd2eeebf_d9b34115,4,-2,6
4994d25f_fb1355ee,a293b2f9_72b4bf47,4,-2,6
70af45c5_3ff6612,91f88269_97413796,4,-2,6
70af45c5_3ff6612,cee65122_90cdc448,4,-2,6
70af45c5_3ff6612,326f263c_4e9e80e4,4,-2,6
70af45c5_3ff6612,4e024b86_5c224973,4,-2,6
70af45c5_3ff6612,bd14d683_9076644a,4,-2,6
7fa6c1d3_4ef6525f,a8a32a9f_ae184492,3,-3,6
f4732ea6_137cf519,5ec547b4_2ea04e87,3,-3,6
f04befa2_2d47a5b3,ea9a0fb9_55cef8d4,3,-3,6
376bae6f_314cbe19,c634d86c_5cfc0de,3,-3,6
376bae6f_314cbe19,985e4d23_96e4f31c,3,-3,6
3a827cab_264281a5,a834ac14_9c18db5f,3,-3,6
3a827cab_264281a5,89777ec6_f3a30f2d,3,-3,6
e379c03a_61c3f1da,cba7cbbb_796b3ff6,3,-3,6
e379c03a_61c3f1da,7e1b8296_b7dcbaca,3,-3,6
e379c03a_61c3f1da,27c59d1a_e7252e76,3,-3,6
7077ed63_de96f676,655b5b6_6bd93976,3,-3,6
bf08f995_6b166ff2,ea9a0fb9_55cef8d4,3,-3,6
5ba3653c_1c000b94,80ec7c61_88185b62,3,-3,6
5ba3653c_1c000b94,5ec547b4_2ea04e87,3,-3,6
bd49ed3f_22e610ca,a30eff28_218f6612,3,-3,6
65f77839_a8f7fa72,1a40e6f4_f2158b37,3,-3,6
9ef8293_f934e9ef,89777ec6_f3a30f2d,3,-3,6
9ef8293_f934e9ef,6c9a6b64_2f633d36,3,-3,6
70af45c5_3ff6612,f7845eed_ad409d5e,4,-1,5
70af45c5_3ff6612,85faf74b_ad9ffecf,4,-1,5
d2c95676_56a7db59,f197f170_82293351,3,-2,5
d2c95676_56a7db59,352e8c74_919a8d,3,-2,5
d2c95676_56a7db59,c4098202_59ca60c0,3,-2,5
d2c95676_56a7db59,36f4ed0a_ae3f03e9,3,-2,5
d2c95676_56a7db59,fab9ad70_55ade1ae,3,-2,5
d2c95676_56a7db59,75c50583_9fd5da61,3,-2,5
d2c95676_56a7db59,2f88e37e_fe93863a,3,-2,5
d2c95676_56a7db59,5fa54145_ca4f5564,3,-2,5
d2c95676_56a7db59,8260e1c3_f518feae,3,-2,5
5782501d_d52792d1,775cd7cd_e04f2b9a,3,-2,5
e4f7319d_c82b0c40,834f4398_9b28b808,3,-2,5
e4f7319d_c82b0c40,58de09cf_8eab16d9,3,-2,5
9d4620a3_421307b4,b7c678c3_bc9c8463,3,-2,5
248ffccf_7bce26e8,2af5a458_d1345878,3,-2,5
248ffccf_7bce26e8,3ee3c9f_137be1c2,3,-2,5
bb85b041_42e6ab3f,75c50583_9fd5da61,3,-2,5
bb85b041_42e6ab3f,2f88e37e_fe93863a,3,-2,5
bb85b041_42e6ab3f,8260e1c3_f518feae,3,-2,5
bb85b041_42e6ab3f,f197f170_82293351,3,-2,5
ad0d764f_9c7f8847,92dae8f6_719290cc,3,-2,5
f8f3520a_b82c870e,3ed6f31e_48d6089d,3,-2,5
f04befa2_2d47a5b3,f70bb4ea_8f6cadab,3,-2,5
f04befa2_2d47a5b3,4abe01e7_97f29955,3,-2,5
726e8316_87757b02,834f4398_9b28b808,3,-2,5
376bae6f_314cbe19,1695304d_cc5e06fc,3,-2,5
fd6b06fe_5cfa9b5a,8bfea6e5_fc9819c1,3,-2,5
3a827cab_264281a5,b551be8_9280b53d,3,-2,5
3a827cab_264281a5,62a0d7fc_65c064cf,3,-2,5
3a827cab_264281a5,4827de2c_b18b650d,3,-2,5
3a827cab_264281a5,e7ca5811_d728f7cb,3,-2,5
3a827cab_264281a5,fd2eeebf_d9b34115,3,-2,5
ebfa355_aa758b4a,c6522374_3bd162ad,3,-2,5
3c7c9b4f_d9ee2550,834f4398_9b28b808,3,-2,5
7077ed63_de96f676,352e8c74_919a8d,3,-2,5
7077ed63_de96f676,746005c1_afa6cf7,3,-2,5
7077ed63_de96f676,36f4ed0a_ae3f03e9,3,-2,5
7077ed63_de96f676,8260e1c3_f518feae,3,-2,5
7077ed63_de96f676,c4098202_59ca60c0,3,-2,5
7077ed63_de96f676,fab9ad70_55ade1ae,3,-2,5
7077ed63_de96f676,75c50583_9fd5da61,3,-2,5
7077ed63_de96f676,f197f170_82293351,3,-2,5
7077ed63_de96f676,2f88e37e_fe93863a,3,-2,5
7077ed63_de96f676,ee1cd543_ab94e0cf,3,-2,5
7077ed63_de96f676,ce6b8114_e6492ac7,3,-2,5
4720ff0a_add9f1a4,b65ec64_7c5dcd9c,3,-2,5
29f01cc8_1299d7ff,ecb2165e_56c2eefa,3,-2,5
672a69f4_953e947e,75f9ab34_8b7ada24,3,-2,5
672a69f4_953e947e,3ee3c9f_137be1c2,3,-2,5
bf08f995_6b166ff2,4abe01e7_97f29955,3,-2,5
65477840_87aadff8,3ed6f31e_48d6089d,3,-2,5
efa814d9_aef152e3,834f4398_9b28b808,3,-2,5
b9acc9a_4ae004bd,556ba434_c0ca2371,3,-2,5
58cc74f8_c76ef832,7295669_c50f4599,3,-2,5
58cc74f8_c76ef832,834f4398_9b28b808,3,-2,5
afae8d3a_24c83574,d5b65a9a_122d2a0c,3,-2,5
afae8d3a_24c83574,92dae8f6_719290cc,3,-2,5
f694e6d9_58516ab3,58de09cf_8eab16d9,3,-2,5
f694e6d9_58516ab3,834f4398_9b28b808,3,-2,5
bd49ed3f_22e610ca,5b1dc9f5_651ee12f,3,-2,5
1e3ce17b_cfc9bf2b,55d572b2_ccc8efca,3,-2,5
d4b27628_a1554e3d,23d8a50d_789bac4b,3,-2,5
8cce416c_db9f2e72,7295669_c50f4599,3,-2,5
8cce416c_db9f2e72,834f4398_9b28b808,3,-2,5
76291bf_3314e70c,4abe01e7_97f29955,3,-2,5
b31ff284_25a1eea4,3ed6f31e_48d6089d,3,-2,5
2e2c0f72_7ce29cd5,89ea2523_4d6eeb10,2,-3,5
897097bc_948625b8,12d8c2c7_c18d6dce,2,-3,5
edef6f22_9580b830,35f486b4_6220564f,2,-3,5
ff73cd11_4dc7bdab,4d8d442f_8333b8b9,2,-3,5
7c28162a_535833,f9004dbe_d3486f17,2,-3,5
9a33ce1b_c51f5d7a,b5b7361d_cf586ea0,2,-3,5
85675efe_7be8c622,5ec547b4_2ea04e87,2,-3,5
b577dcee_5d8fa6c9,ea9a0fb9_55cef8d4,2,-3,5
6113a845_872757cc,b3f834fe_cd3e9607,2,-3,5
12318fc_80f41db,5a278a42_364c0139,2,-3,5
526a12f_a4af99dd,a8a32a9f_ae184492,2,-3,5
717a92c0_6561ef3a,b5b7361d_cf586ea0,2,-3,5
55663ade_ccff7e48,53278979_ac17df93,2,-3,5
17fd46c1_b7c358f9,5ca3aded_dcb6f96f,3,-1,4
248ffccf_7bce26e8,7f2ca170_f4802921,3,-1,4
e3c60e46_7459deae,8506cf40_52804060,3,-1,4
376bae6f_314cbe19,bb12f685_9a25e1b7,3,-1,4
3a827cab_264281a5,1e58acc4_98b497a1,3,-1,4
ebfa355_aa758b4a,e265d2e2_f35df7f3,3,-1,4
db1ff13f_d26f0983,dc727c0_25b4af4f,3,-1,4
1202ad96_2c79840f,11fbc314_aae2e5a4,3,-1,4
7077ed63_de96f676,ff3411e_935e5a58,3,-1,4
2b3ad402_e6ef5696,10a75c68_452fb489,3,-1,4
2b3ad402_e6ef5696,68da8dae_eeda06a8,3,-1,4
2b3ad402_e6ef5696,44348081_881defa1,3,-1,4
58cc74f8_c76ef832,dc727c0_25b4af4f,3,-1,4
c8d05a14_5537778,2dc4bb03_66334770,3,-1,4
aed62174_23764de6,fe8f223c_5e560689,3,-1,4
8cce416c_db9f2e72,dc727c0_25b4af4f,3,-1,4
8cce416c_db9f2e72,8067ca9c_976fdb74,3,-1,4
76291bf_3314e70c,8067ca9c_976fdb74,3,-1,4
76291bf_3314e70c,dc727c0_25b4af4f,3,-1,4
6724b45a_df2b3075,304245d8_a0337a62,3,-1,4
b31ff284_25a1eea4,1e58acc4_98b497a1,3,-1,4
bb891fa8_b2f18316,6dd57543_f598f862,2,-2,4
3166f635_244cda27,e5ff5c81_e57b8ac2,2,-2,4
3166f635_244cda27,5f3d1d37_f32863b2,2,-2,4
9e858e0f_c50fe1cb,d352f3f9_b19f4dcd,2,-2,4
9e858e0f_c50fe1cb,834f4398_9b28b808,2,-2,4
9e858e0f_c50fe1cb,1aacb8d8_669e12db,2,-2,4
9e858e0f_c50fe1cb,c570945_45bf777b,2,-2,4
9e858e0f_c50fe1cb,7906d541_f32b96ea,2,-2,4
9e858e0f_c50fe1cb,8b6d7232_b60a8f6c,2,-2,4
a562d5f5_714daa7a,19568a6d_ef2fa1f5,2,-2,4
18fd9814_f4024d2a,92dae8f6_719290cc,2,-2,4
2e2c0f72_7ce29cd5,3be1998c_341f7318,2,-2,4
c7fa697_bc9cb896,92dae8f6_719290cc,2,-2,4
9357b924_976779ff,560c450d_3c21c3c5,2,-2,4
897097bc_948625b8,b65ec64_7c5dcd9c,2,-2,4
897097bc_948625b8,32b12447_464c486c,2,-2,4
3e7a6ce5_2ca91616,aa0cc23c_e987f898,2,-2,4
edef6f22_9580b830,b0f094fd_f6562dc3,2,-2,4
edef6f22_9580b830,58de09cf_8eab16d9,2,-2,4
edef6f22_9580b830,ecb2165e_56c2eefa,2,-2,4
edef6f22_9580b830,935e4be4_5454cb87,2,-2,4
edef6f22_9580b830,5b1dc9f5_651ee12f,2,-2,4
edef6f22_9580b830,e7ca5811_d728f7cb,2,-2,4
18603184_9ab390aa,ce6b8114_e6492ac7,2,-2,4
b4f8cc54_ddd200a5,6b4d8135_d835aaa6,2,-2,4
b4f8cc54_ddd200a5,29bab105_84fa6af1,2,-2,4
8875cac_3871a3fa,62d67f60_f1777749,2,-2,4
18ecf508_4ebf64bf,75c50583_9fd5da61,2,-2,4
18ecf508_4ebf64bf,8260e1c3_f518feae,2,-2,4
18ecf508_4ebf64bf,2f88e37e_fe93863a,2,-2,4
18ecf508_4ebf64bf,36f4ed0a_ae3f03e9,2,-2,4
18ecf508_4ebf64bf,fab9ad70_55ade1ae,2,-2,4
18ecf508_4ebf64bf,352e8c74_919a8d,2,-2,4
18ecf508_4ebf64bf,f197f170_82293351,2,-2,4
18ecf508_4ebf64bf,c4098202_59ca60c0,2,-2,4
f1b0ad49_506dff3e,7dc224df_7bc403cc,2,-2,4
f1b0ad49_506dff3e,a9db07bc_b975d2c9,2,-2,4
a7eea60d_66a4fb82,f949d60f_b9b93b4,2,-2,4
a7eea60d_66a4fb82,ff6310de_a01e3d98,2,-2,4
a7eea60d_66a4fb82,7a9a53c8_fa9b78f1,2,-2,4
c998d834_1c9ff127,a67ee319_66f80681,2,-2,4
c2f57f16_10ab982c,1587ff39_88bcc57c,2,-2,4
2201f246_cb084e46,4abe01e7_97f29955,2,-2,4
4b59af6c_a8db785e,834f4398_9b28b808,2,-2,4
4b59af6c_a8db785e,264afb20_bad720c2,2,-2,4
6f521f11_b1f924f2,c83cf69_33175f12,2,-2,4
97e625e8_2b4cb343,8260e1c3_f518feae,2,-2,4
ff73cd11_4dc7bdab,d8c7f894_30f97f24,2,-2,4
ff73cd11_4dc7bdab,da919eae_bd992cc,2,-2,4
ff73cd11_4dc7bdab,21cf5865_9d9ce6ba,2,-2,4
cb106bbb_15e39af1,3f36e0ed_f034ce24,2,-2,4
cb106bbb_15e39af1,75508a2e_489a4e66,2,-2,4
cb106bbb_15e39af1,3543c297_d6688fb1,2,-2,4
673bd66f_89e7b53f,f9d021cc_ea98d4ce,2,-2,4
ba0f6006_5551ee80,3ed6f31e_48d6089d,2,-2,4
93c780f2_c48944bf,92dae8f6_719290cc,2,-2,4
93c780f2_c48944bf,a3cf0217_89fa3394,2,-2,4
32b22313_127be1ad,92dae8f6_719290cc,2,-2,4
3945e4e_705859b2,560c450d_3c21c3c5,2,-2,4
6f4f4448_bccd31a8,8260e1c3_f518feae,2,-2,4
6f4f4448_bccd31a8,f197f170_82293351,2,-2,4
5a921671_15dc8d95,ee1cd543_ab94e0cf,2,-2,4
5a921671_15dc8d95,7d94dd7b_4603a4f3,2,-2,4
5a921671_15dc8d95,c0a95aad_8da750bf,2,-2,4
9b040e12_a580b407,6ff7fa45_c2633d1,2,-2,4
758b8c3c_d2b14ae6,8260e1c3_f518feae,2,-2,4
758b8c3c_d2b14ae6,ce6b8114_e6492ac7,2,-2,4
a100df7f_6dbfd858,af1213cc_2bd1616e,2,-2,4
b4088f7a_3a4a268f,c7c50da_c9648178,2,-2,4
161b38f3_9c487a6b,6ff7fa45_c2633d1,2,-2,4
4d644f88_2f877277,ce6b8114_e6492ac7,2,-2,4
65f99e6f_4324fd83,d7e8f0df_1a4d55d8,2,-2,4
d6dbbf06_cb872ef5,6ca5821c_6cd6fe44,2,-2,4
9a33ce1b_c51f5d7a,92dae8f6_719290cc,2,-2,4
272910e1_6edc6a36,7906d541_f32b96ea,2,-2,4
8aa15488_e698d741,29bab105_84fa6af1,2,-2,4
47ce5315_279cb564,d8c7f894_30f97f24,2,-2,4
57a75b35_b123cfb8,42cf9273_6acc750e,2,-2,4
57a75b35_b123cfb8,a6245032_4f2be4f5,2,-2,4
612e3f7a_3ce2519d,91f88269_97413796,2,-2,4
5cd4deab_eedd7c42,2ea9f36d_a5808bf0,2,-2,4
e86c52c_ac87e707,991043fe_be2f5538,2,-2,4
e86c52c_ac87e707,9c045e8_fde1a007,2,-2,4
9b6189e3_8826c95,8aa28f11_76ce71d7,2,-2,4
9b6189e3_8826c95,857ac4f0_3a785bf0,2,-2,4
9b6189e3_8826c95,806d3eec_871c8188,2,-2,4
9b6189e3_8826c95,51f9be47_aaf77331,2,-2,4
9965443_d37e20b0,bc40050b_5b23985d,2,-2,4
9965443_d37e20b0,69095580_749460a4,2,-2,4
9965443_d37e20b0,c6d6d592_7d67d9b2,2,-2,4
9965443_d37e20b0,4b67199d_86a7ab76,2,-2,4
9965443_d37e20b0,c069546b_622263d2,2,-2,4
85675efe_7be8c622,107f0a31_de149058,2,-2,4
85675efe_7be8c622,274a5ac5_76113a1d,2,-2,4
85675efe_7be8c622,e34ee3cd_fa709c51,2,-2,4
85675efe_7be8c622,f706c1d0_f424f3dc,2,-2,4
85675efe_7be8c622,5ab4b615_f24a44ed,2,-2,4
85675efe_7be8c622,be037eab_7eb2af0c,2,-2,4
530ca7eb_df918243,af1213cc_2bd1616e,2,-2,4
27d53e9d_b6fc3efa,f724db04_9f44a669,2,-2,4
479ee8d3_37fac876,d510c4aa_5b290b82,2,-2,4
cbb9d8d3_82bb9434,5b1dc9f5_651ee12f,2,-2,4
12e75bb6_6a7ef81c,775cd7cd_e04f2b9a,2,-2,4
b577dcee_5d8fa6c9,51f9be47_aaf77331,2,-2,4
ee120865_ac1b6f0f,774a48d4_1991d728,2,-2,4
e586f515_fa854ee5,8260e1c3_f518feae,2,-2,4
e586f515_fa854ee5,f197f170_82293351,2,-2,4
6567e2fb_82003073,af1213cc_2bd1616e,2,-2,4
5f898a6f_74fda2ac,f724db04_9f44a669,2,-2,4
9779191_d458ccd1,fab9ad70_55ade1ae,2,-2,4
9779191_d458ccd1,c4098202_59ca60c0,2,-2,4
9779191_d458ccd1,2f88e37e_fe93863a,2,-2,4
9779191_d458ccd1,352e8c74_919a8d,2,-2,4
9779191_d458ccd1,8260e1c3_f518feae,2,-2,4
9779191_d458ccd1,75c50583_9fd5da61,2,-2,4
9779191_d458ccd1,36f4ed0a_ae3f03e9,2,-2,4
9779191_d458ccd1,f197f170_82293351,2,-2,4
355fe81b_365814ef,2229f58e_72baec5c,2,-2,4
355fe81b_365814ef,3ed6f31e_48d6089d,2,-2,4
355fe81b_365814ef,127985e9_f65d386f,2,-2,4
44e5ee85_112059b3,a409b176_7b0dd2e4,2,-2,4
44e5ee85_112059b3,30a1be95_d63bccfa,2,-2,4
44e5ee85_112059b3,4b5451ee_2ef13224,2,-2,4
44e5ee85_112059b3,3a7a3be9_f0463756,2,-2,4
3cea0e0d_5b8acf28,c83cf69_33175f12,2,-2,4
3cea0e0d_5b8acf28,dae3a1c5_45508061,2,-2,4
32ea397a_235feaef,edfbcfc7_8f6b302b,2,-2,4
ba44e6f8_22693293,be037eab_7eb2af0c,2,-2,4
ba44e6f8_22693293,352e8c74_919a8d,2,-2,4
ba44e6f8_22693293,2f88e37e_fe93863a,2,-2,4
ba44e6f8_22693293,f197f170_82293351,2,-2,4
ba44e6f8_22693293,75c50583_9fd5da61,2,-2,4
ba44e6f8_22693293,fab9ad70_55ade1ae,2,-2,4
ba44e6f8_22693293,62a0d7fc_65c064cf,2,-2,4
ba44e6f8_22693293,e47c5959_e2c119fb,2,-2,4
ba44e6f8_22693293,8260e1c3_f518feae,2,-2,4
ba44e6f8_22693293,5ab4b615_f24a44ed,2,-2,4
6113a845_872757cc,556ba434_c0ca2371,2,-2,4
6113a845_872757cc,8d304245_4ed12c66,2,-2,4
6113a845_872757cc,2506e41d_e60759e9,2,-2,4
6113a845_872757cc,ec7d2a11_2210b3da,2,-2,4
6113a845_872757cc,d75b9f77_56abb748,2,-2,4
6113a845_872757cc,4d315386_f42f5830,2,-2,4
6113a845_872757cc,9d51798e_852ce32d,2,-2,4
6113a845_872757cc,3be1998c_341f7318,2,-2,4
6113a845_872757cc,ca7cb14e_7cedc83c,2,-2,4
6113a845_872757cc,c32bfa2a_78678200,2,-2,4
6113a845_872757cc,11933055_3a9ecfa,2,-2,4
6113a845_872757cc,281efba8_9d33b673,2,-2,4
6113a845_872757cc,99a51827_ae12308e,2,-2,4
6113a845_872757cc,1a769de0_a1121c17,2,-2,4
6113a845_872757cc,f53b60e0_60f0ed5f,2,-2,4
6113a845_872757cc,189cac17_181095dc,2,-2,4
6113a845_872757cc,228c9e2_ba6623aa,2,-2,4
74a241d2_36603c1,919eb3fe_8eab0367,2,-2,4
256649c4_29402af,d8c7f894_30f97f24,2,-2,4
256649c4_29402af,a074ff3c_c8be2f20,2,-2,4
256649c4_29402af,fab9ad70_55ade1ae,2,-2,4
256649c4_29402af,8260e1c3_f518feae,2,-2,4
256649c4_29402af,2f88e37e_fe93863a,2,-2,4
256649c4_29402af,75c50583_9fd5da61,2,-2,4
256649c4_29402af,352e8c74_919a8d,2,-2,4
256649c4_29402af,f197f170_82293351,2,-2,4
2043fe18_ed4109a6,2163385_9fa1de82,2,-2,4
d9d19628_3672bd54,3ed6f31e_48d6089d,2,-2,4
e9f6d3ce_88d37956,f9d021cc_ea98d4ce,2,-2,4
e9f6d3ce_88d37956,2163385_9fa1de82,2,-2,4
ac3ba1d6_ced71285,e5ff5c81_e57b8ac2,2,-2,4
ac3ba1d6_ced71285,3ed6f31e_48d6089d,2,-2,4
ac3ba1d6_ced71285,8d304245_4ed12c66,2,-2,4
e6b4673c_97005182,af1213cc_2bd1616e,2,-2,4
649e8c4_c617f7a2,29bab105_84fa6af1,2,-2,4
649e8c4_c617f7a2,6b4d8135_d835aaa6,2,-2,4
5fd8960c_31d7a887,775cd7cd_e04f2b9a,2,-2,4
5fd8960c_31d7a887,6ff7fa45_c2633d1,2,-2,4
298e21a1_8986d6a,c7c50da_c9648178,2,-2,4
21db496f_e85c2b8a,560c450d_3c21c3c5,2,-2,4
7c57d81d_9e0e3e7a,f724db04_9f44a669,2,-2,4
845dda8c_cf903bba,774a48d4_1991d728,2,-2,4
526a12f_a4af99dd,4d3f5ed9_a9668185,2,-2,4
bea95492_bef086ed,c83cf69_33175f12,2,-2,4
bea95492_bef086ed,3f36e0ed_f034ce24,2,-2,4
7cb8305f_70a36a5d,fab9ad70_55ade1ae,2,-2,4
7cb8305f_70a36a5d,352e8c74_919a8d,2,-2,4
7cb8305f_70a36a5d,f197f170_82293351,2,-2,4
7cb8305f_70a36a5d,8260e1c3_f518feae,2,-2,4
7cb8305f_70a36a5d,2f88e37e_fe93863a,2,-2,4
7cb8305f_70a36a5d,75c50583_9fd5da61,2,-2,4
6b1a5cf7_e29d1e2f,3f36acc4_edbc2ec9,2,-2,4
6b1a5cf7_e29d1e2f,b9891716_2f2c30b3,2,-2,4
127c1bfd_733ab34c,af1213cc_2bd1616e,2,-2,4
a4745ec1_ef71353e,3204ae37_b7251b34,2,-2,4
1ebaa216_99c6ddfa,f197f170_82293351,2,-2,4
1ebaa216_99c6ddfa,2f88e37e_fe93863a,2,-2,4
1ebaa216_99c6ddfa,75c50583_9fd5da61,2,-2,4
1ebaa216_99c6ddfa,fab9ad70_55ade1ae,2,-2,4
1ebaa216_99c6ddfa,36f4ed0a_ae3f03e9,2,-2,4
1ebaa216_99c6ddfa,352e8c74_919a8d,2,-2,4
1ebaa216_99c6ddfa,c4098202_59ca60c0,2,-2,4
1ebaa216_99c6ddfa,8260e1c3_f518feae,2,-2,4
83e9c420_e1253f3f,20e30607_b9a2a4a4,2,-2,4
ce167848_f409eebe,560c450d_3c21c3c5,2,-2,4
7cdf78f0_1689917e,3ed6f31e_48d6089d,2,-2,4
34ddbc2f_91d54040,2e98487b_db69d98f,2,-2,4
34ddbc2f_91d54040,53eb9df_4e8e8aab,2,-2,4
34ddbc2f_91d54040,2f88e37e_fe93863a,2,-2,4
be6e21a8_88dc3d73,92dae8f6_719290cc,2,-2,4
8fa85ae_47e6744b,fab9ad70_55ade1ae,2,-2,4
8fa85ae_47e6744b,8260e1c3_f518feae,2,-2,4
8fa85ae_47e6744b,f197f170_82293351,2,-2,4
8fa85ae_47e6744b,2f88e37e_fe93863a,2,-2,4
8fa85ae_47e6744b,75c50583_9fd5da61,2,-2,4
532a6744_e85afaf2,394be6e8_b82eccc4,2,-2,4
c4524078_29268712,8d304245_4ed12c66,2,-2,4
717a92c0_6561ef3a,ee1cd543_ab94e0cf,2,-2,4
717a92c0_6561ef3a,f197f170_82293351,2,-2,4
717a92c0_6561ef3a,8260e1c3_f518feae,2,-2,4
b9d85c21_35de4bcc,352e8c74_919a8d,2,-2,4
694d89f4_49ef4c1c,552cb83e_60809127,2,-2,4
19fb72ee_3184949e,2f88e37e_fe93863a,2,-2,4
19fb72ee_3184949e,f197f170_82293351,2,-2,4
19fb72ee_3184949e,8260e1c3_f518feae,2,-2,4
19fb72ee_3184949e,75c50583_9fd5da61,2,-2,4
46a7b357_8e3e5f0,b65ec64_7c5dcd9c,2,-2,4
73e3cee1_bd3a98b,f724db04_9f44a669,2,-2,4
d72298f3_1af033d8,71b351d6_14f10db6,2,-2,4
7d4c6fa_581bb82d,f9d021cc_ea98d4ce,2,-2,4
bfe9f1e4_e7341de3,6ea826e3_87253d7,2,-2,4
48730431_9524fd78,40cf7186_6057d385,2,-2,4
48730431_9524fd78,cbecdafa_fdcc4eca,2,-2,4
258e3ae3_afaf2804,f197f170_82293351,2,-2,4
258e3ae3_afaf2804,8260e1c3_f518feae,2,-2,4
e94e5197_ac0cfc01,ce6b8114_e6492ac7,2,-2,4
e94e5197_ac0cfc01,f9d021cc_ea98d4ce,2,-2,4
e94e5197_ac0cfc01,c0a95aad_8da750bf,2,-2,4
eb15b11c_2086cdf0,8260e1c3_f518feae,2,-2,4
ef3b22e2_3e8bbbc1,b65ec64_7c5dcd9c,2,-2,4
ef3b22e2_3e8bbbc1,6ff7fa45_c2633d1,2,-2,4
1754e712_265623ab,774a48d4_1991d728,2,-2,4
1754e712_265623ab,f724db04_9f44a669,2,-2,4
1a4472e5_2c85b4e2,ff6310de_a01e3d98,2,-2,4
fcc490fc_e0776c6b,b7c678c3_bc9c8463,2,-2,4
a5f5f2a1_2f2f4299,7fec344e_9abd3270,1,-3,4
ca95a094_92996e5d,b5b7361d_cf586ea0,1,-3,4
89954ee0_5e3dad97,61487b95_2f8d3b2a,1,-3,4
4ed42ead_334bd0fc,7fec344e_9abd3270,1,-3,4
737d1e0c_f6c75a7c,e9ed1230_370e0904,1,-3,4
504c0b4b_aee47c2c,5ec547b4_2ea04e87,1,-3,4
504c0b4b_aee47c2c,41f23e8a_504ce5cb,1,-3,4
aeefe03c_5a7385cf,e9ed1230_370e0904,1,-3,4
b327c470_4f59511d,7fec344e_9abd3270,1,-3,4
bb891fa8_b2f18316,fda053a6_8c93abb8,2,-1,3
3166f635_244cda27,dfdb7cbc_6b071938,2,-1,3
3166f635_244cda27,ce7334e6_ee963589,2,-1,3
3166f635_244cda27,2d0b272c_d52dda65,2,-1,3
a7d0895f_2948ad06,968af9e_80720411,2,-1,3
9357b924_976779ff,623ad9f0_6c370998,2,-1,3
897097bc_948625b8,fda053a6_8c93abb8,2,-1,3
1adad7eb_80ee595e,fda053a6_8c93abb8,2,-1,3
edef6f22_9580b830,f3a318b4_cd08a4de,2,-1,3
edef6f22_9580b830,3b94d2d0_132be06e,2,-1,3
edef6f22_9580b830,2dc4bb03_66334770,2,-1,3
edef6f22_9580b830,1e58acc4_98b497a1,2,-1,3
5fac6ac7_1a886937,fda053a6_8c93abb8,2,-1,3
5fac6ac7_1a886937,39141909_2125ee16,2,-1,3
5fac6ac7_1a886937,18c0bbb6_c89cff21,2,-1,3
caa12de0_a234df25,2dc4bb03_66334770,2,-1,3
b320ed34_8247e29,756cf40c_1ec81372,2,-1,3
3945e4e_705859b2,623ad9f0_6c370998,2,-1,3
3945e4e_705859b2,d835c243_83f3d6ad,2,-1,3
63120810_cd345cbd,9bb080d0_5473c0c0,2,-1,3
326fced_b2cbc85,f3a318b4_cd08a4de,2,-1,3
326fced_b2cbc85,dc727c0_25b4af4f,2,-1,3
9b040e12_a580b407,d835c243_83f3d6ad,2,-1,3
ded67a49_550f38f5,fe8f223c_5e560689,2,-1,3
9965da3a_4c8134ba,5ca3aded_dcb6f96f,2,-1,3
a100df7f_6dbfd858,21aa4456_275ccfc9,2,-1,3
b4088f7a_3a4a268f,e2abac74_786dd8a0,2,-1,3
161b38f3_9c487a6b,d835c243_83f3d6ad,2,-1,3
65f99e6f_4324fd83,dc727c0_25b4af4f,2,-1,3
16e0952b_76037226,9bb080d0_5473c0c0,2,-1,3
8aa15488_e698d741,b82e7c5a_2948d20e,2,-1,3
612e3f7a_3ce2519d,85faf74b_ad9ffecf,2,-1,3
612e3f7a_3ce2519d,f7845eed_ad409d5e,2,-1,3
9b6189e3_8826c95,d5f9069c_905255c5,2,-1,3
9b6189e3_8826c95,dc727c0_25b4af4f,2,-1,3
9965443_d37e20b0,7f2ca170_f4802921,2,-1,3
9a28f729_4484b287,d835c243_83f3d6ad,2,-1,3
479ee8d3_37fac876,abac7006_dec86d12,2,-1,3
479ee8d3_37fac876,6f429cea_79ca8529,2,-1,3
cbb9d8d3_82bb9434,d5f9069c_905255c5,2,-1,3
ee120865_ac1b6f0f,d835c243_83f3d6ad,2,-1,3
38e81c93_4af951cf,62a32695_f1ff0b67,2,-1,3
981b88e5_e248f63a,85faf74b_ad9ffecf,2,-1,3
44e5ee85_112059b3,2d0b272c_d52dda65,2,-1,3
69d6ab05_946895a4,eee5dfae_262cf07a,2,-1,3
69d6ab05_946895a4,a95d21fc_36bdff3a,2,-1,3
6113a845_872757cc,3aef501a_80351c26,2,-1,3
e3e1e401_ca8c2f6f,6609650b_6a741755,2,-1,3
12318fc_80f41db,d8a05627_43f659a5,2,-1,3
7491f421_8389a4c2,9bb080d0_5473c0c0,2,-1,3
526a12f_a4af99dd,2dc4bb03_66334770,2,-1,3
526a12f_a4af99dd,62a32695_f1ff0b67,2,-1,3
6dacd67_d76e184a,9bb080d0_5473c0c0,2,-1,3
ce167848_f409eebe,623ad9f0_6c370998,2,-1,3
f072fc16_5c73fa51,9bb080d0_5473c0c0,2,-1,3
34ddbc2f_91d54040,db68e009_8f09b003,2,-1,3
34ddbc2f_91d54040,6f0ac3ce_576d36fb,2,-1,3
e4b5df3_4945c388,62a32695_f1ff0b67,2,-1,3
c5b67732_8d6d7742,dc727c0_25b4af4f,2,-1,3
19fb72ee_3184949e,d835c243_83f3d6ad,2,-1,3
c66ab3a6_214fc64,bb12f685_9a25e1b7,2,-1,3
258e3ae3_afaf2804,51a48fb_a3a50caf,2,-1,3
e94e5197_ac0cfc01,ff3411e_935e5a58,2,-1,3
3af85c6e_f4748112,f949d60f_b9b93b4,1,-2,3
fc9f1cf6_5bb90d16,e6195ca4_c9f0bbe1,1,-2,3
bdd7d5b6_1ae73fbe,7295669_c50f4599,1,-2,3
42123254_9cd3e54b,774a48d4_1991d728,1,-2,3
ca95a094_92996e5d,9e4a7320_9ebed277,1,-2,3
4d9346d8_4f090633,a293b2f9_72b4bf47,1,-2,3
4d9346d8_4f090633,bb2adcba_866587e6,1,-2,3
89954ee0_5e3dad97,127985e9_f65d386f,1,-2,3
4ed42ead_334bd0fc,3fb08ecf_ab41056,1,-2,3
4ed42ead_334bd0fc,bfe2dcbd_c2e2e937,1,-2,3
4ed42ead_334bd0fc,ff6310de_a01e3d98,1,-2,3
4ed42ead_334bd0fc,682344e8_31ffe589,1,-2,3
4267d023_55caed82,a293b2f9_72b4bf47,1,-2,3
c8b405ea_192c6ce0,8d304245_4ed12c66,1,-2,3
8fd3a344_70daee4f,f724db04_9f44a669,1,-2,3
8fd3a344_70daee4f,c4098202_59ca60c0,1,-2,3
8fd3a344_70daee4f,352e8c74_919a8d,1,-2,3
8fd3a344_70daee4f,f197f170_82293351,1,-2,3
8fd3a344_70daee4f,fab9ad70_55ade1ae,1,-2,3
8fd3a344_70daee4f,36f4ed0a_ae3f03e9,1,-2,3
8fd3a344_70daee4f,774a48d4_1991d728,1,-2,3
8fd3a344_70daee4f,8260e1c3_f518feae,1,-2,3
8fd3a344_70daee4f,75c50583_9fd5da61,1,-2,3
8fd3a344_70daee4f,2f88e37e_fe93863a,1,-2,3
2baef089_8be259f9,404584aa_e234733b,1,-2,3
62bfcab3_1a1f463,1d5b4226_88446d95,1,-2,3
2df8175b_fb1de34a,a1af386_28b750b0,1,-2,3
9c83d529_ab519166,a293b2f9_72b4bf47,1,-2,3
aaf0dc33_5377b4f9,3204ae37_b7251b34,1,-2,3
46e3a4ab_d4edbfb6,352e8c74_919a8d,1,-2,3
46e3a4ab_d4edbfb6,2f88e37e_fe93863a,1,-2,3
46e3a4ab_d4edbfb6,f197f170_82293351,1,-2,3
46e3a4ab_d4edbfb6,8260e1c3_f518feae,1,-2,3
46e3a4ab_d4edbfb6,75c50583_9fd5da61,1,-2,3
46e3a4ab_d4edbfb6,fab9ad70_55ade1ae,1,-2,3
365f3577_805b0ba6,8260e1c3_f518feae,1,-2,3
365f3577_805b0ba6,f197f170_82293351,1,-2,3
c498dd0c_5a7abf77,af1213cc_2bd1616e,1,-2,3
5a84de_ff37c82d,4abe01e7_97f29955,1,-2,3
f0acaba6_d3ad6a29,f9d021cc_ea98d4ce,1,-2,3
3779f07c_8ae6ed2e,c43a47e9_56949905,1,-2,3
3779f07c_8ae6ed2e,73c365a7_297228f,1,-2,3
3779f07c_8ae6ed2e,1587ff39_88bcc57c,1,-2,3
54cf58aa_f951603c,8260e1c3_f518feae,1,-2,3
d82385be_71ac583a,75626982_3a74540e,1,-2,3
d82385be_71ac583a,9b1ecaa9_6f20e2de,1,-2,3
d82385be_71ac583a,18cd4f6e_822100c7,1,-2,3
486d9cf2_10e9ab4d,f724db04_9f44a669,1,-2,3
6c3e1a67_c3516bd3,99a51827_ae12308e,1,-2,3
6c3e1a67_c3516bd3,1a769de0_a1121c17,1,-2,3
6c3e1a67_c3516bd3,8d304245_4ed12c66,1,-2,3
6c3e1a67_c3516bd3,228c9e2_ba6623aa,1,-2,3
26697b96_eb662cf8,fd2eeebf_d9b34115,1,-2,3
737d1e0c_f6c75a7c,3d3e12b5_2218e655,1,-2,3
737d1e0c_f6c75a7c,eaf32497_d0a9f60,1,-2,3
737d1e0c_f6c75a7c,834f4398_9b28b808,1,-2,3
737d1e0c_f6c75a7c,6463f790_f24d25a3,1,-2,3
1ff77c5d_3ad166b7,2229f58e_72baec5c,1,-2,3
39b10e67_27096fb7,7295669_c50f4599,1,-2,3
75bbcc68_310a6308,b98e085c_ffd86cc,1,-2,3
75bbcc68_310a6308,e7b62523_669ecdf7,1,-2,3
1801d773_ad28c52f,8843dd01_61fb9f0d,1,-2,3
1801d773_ad28c52f,6001155f_409601b6,1,-2,3
530f2b36_f1a0cfd6,4abe01e7_97f29955,1,-2,3
4af96afc_7f361746,c9e2f7f1_3a0c801d,1,-2,3
4af96afc_7f361746,d17def76_cfae2d2a,1,-2,3
4af96afc_7f361746,556ba434_c0ca2371,1,-2,3
4d2ec1c8_99b3eedb,28f1e6c2_f7acbba9,1,-2,3
62b3d9af_98d3e2ae,919eb3fe_8eab0367,1,-2,3
22954386_b695ccbe,2229f58e_72baec5c,1,-2,3
b3d276a7_f7faaee1,8260e1c3_f518feae,1,-2,3
b3d276a7_f7faaee1,2f88e37e_fe93863a,1,-2,3
b3d276a7_f7faaee1,352e8c74_919a8d,1,-2,3
b3d276a7_f7faaee1,75c50583_9fd5da61,1,-2,3
b3d276a7_f7faaee1,fab9ad70_55ade1ae,1,-2,3
b3d276a7_f7faaee1,f197f170_82293351,1,-2,3
b3d276a7_f7faaee1,4abe01e7_97f29955,1,-2,3
2859f13a_7f6124d7,e6195ca4_c9f0bbe1,1,-2,3
4b1efc02_d975992f,d8c7f894_30f97f24,1,-2,3
4b1efc02_d975992f,c4098202_59ca60c0,1,-2,3
4b1efc02_d975992f,352e8c74_919a8d,1,-2,3
4b1efc02_d975992f,36f4ed0a_ae3f03e9,1,-2,3
4b1efc02_d975992f,fab9ad70_55ade1ae,1,-2,3
4b1efc02_d975992f,21cf5865_9d9ce6ba,1,-2,3
4b1efc02_d975992f,5ac809bb_ed531a17,1,-2,3
4b1efc02_d975992f,371dc4e1_9a73d27d,1,-2,3
4b1efc02_d975992f,2f88e37e_fe93863a,1,-2,3
4b1efc02_d975992f,8260e1c3_f518feae,1,-2,3
4b1efc02_d975992f,75c50583_9fd5da61,1,-2,3
4b1efc02_d975992f,f197f170_82293351,1,-2,3
504c0b4b_aee47c2c,a3cf0217_89fa3394,1,-2,3
504c0b4b_aee47c2c,92dae8f6_719290cc,1,-2,3
17b33b1b_2e075aa6,caad83f8_889c7a82,1,-2,3
640eaf4c_fa4900a7,8260e1c3_f518feae,1,-2,3
640eaf4c_fa4900a7,75c50583_9fd5da61,1,-2,3
640eaf4c_fa4900a7,2f88e37e_fe93863a,1,-2,3
640eaf4c_fa4900a7,f197f170_82293351,1,-2,3
9f3329db_11165f7e,8260e1c3_f518feae,1,-2,3
57aabaee_22fd62bf,7295669_c50f4599,1,-2,3
aeefe03c_5a7385cf,3d3e12b5_2218e655,1,-2,3
aeefe03c_5a7385cf,6463f790_f24d25a3,1,-2,3
5afd125e_db7c0b1b,556ba434_c0ca2371,1,-2,3
b327c470_4f59511d,bfe2dcbd_c2e2e937,1,-2,3
b327c470_4f59511d,682344e8_31ffe589,1,-2,3
b327c470_4f59511d,ff6310de_a01e3d98,1,-2,3
b327c470_4f59511d,3fb08ecf_ab41056,1,-2,3
fc9f1cf6_5bb90d16,914faf12_2f55069e,1,-1,2
fc9f1cf6_5bb90d16,ca625e25_88f7e185,1,-1,2
7e4940e8_aeb1a832,9bb080d0_5473c0c0,1,-1,2
7e4940e8_aeb1a832,eb91253d_d131afb4,1,-1,2
7e4940e8_aeb1a832,410393a7_ec3d615f,1,-1,2
b6a6d051_20792743,7a5bc505_7e202f96,1,-1,2
b6a6d051_20792743,62615ba_f4f42a8e,1,-1,2
ca95a094_92996e5d,ba83348_f625882d,1,-1,2
ca95a094_92996e5d,62a32695_f1ff0b67,1,-1,2
4267d023_55caed82,8506cf40_52804060,1,-1,2
761df64e_1bc03140,756cf40c_1ec81372,1,-1,2
54f9629a_f89e7910,8c802643_ef30b31d,1,-1,2
c8b405ea_192c6ce0,afed3574_8fe0ac14,1,-1,2
2baef089_8be259f9,29e3ed08_66de7ee9,1,-1,2
d976d6e3_34d0622a,ca416170_a28f4890,1,-1,2
e5b1f106_5c6e1222,a7405a7b_2cad37ab,1,-1,2
e5b1f106_5c6e1222,3048a6c7_11bd3353,1,-1,2
e5b1f106_5c6e1222,28166ab1_62de20fa,1,-1,2
e5b1f106_5c6e1222,3de6d8a0_74036ad3,1,-1,2
e5b1f106_5c6e1222,433517f5_1fe4ee8b,1,-1,2
62bfcab3_1a1f463,10a75c68_452fb489,1,-1,2
2df8175b_fb1de34a,b95616b6_cb532ae5,1,-1,2
f0acaba6_d3ad6a29,dc727c0_25b4af4f,1,-1,2
3779f07c_8ae6ed2e,47e9c22e_5f94a730,1,-1,2
3779f07c_8ae6ed2e,546721bb_2ca9fa63,1,-1,2
d82385be_71ac583a,5a8aaca6_5d33ac60,1,-1,2
c9317cf2_82d4d3ff,49ffc70a_f3fbea07,1,-1,2
6c3e1a67_c3516bd3,afed3574_8fe0ac14,1,-1,2
79b757f5_f1b83866,7044fcbe_b4159670,1,-1,2
4af96afc_7f361746,11fbc314_aae2e5a4,1,-1,2
4d2ec1c8_99b3eedb,fda053a6_8c93abb8,1,-1,2
4d2ec1c8_99b3eedb,39141909_2125ee16,1,-1,2
4d2ec1c8_99b3eedb,18c0bbb6_c89cff21,1,-1,2
c7e210d7_13860110,304245d8_a0337a62,1,-1,2
bb6c0b99_3b496b3,428d7973_93c5e9be,1,-1,2
6826eae0_1a72ca12,428d7973_93c5e9be,1,-1,2
6826eae0_1a72ca12,3e47897c_27551cbf,1,-1,2
6826eae0_1a72ca12,abac7006_dec86d12,1,-1,2
3a091b53_2b72e7ae,756cf40c_1ec81372,1,-1,2
2859f13a_7f6124d7,2d1177b9_6329b39f,1,-1,2
2859f13a_7f6124d7,914faf12_2f55069e,1,-1,2
2859f13a_7f6124d7,f6d446e2_577cf55c,1,-1,2
2859f13a_7f6124d7,ca625e25_88f7e185,1,-1,2
9b9756e9_255c8cce,c42f7784_19bb34eb,1,-1,2
688d271_ba405a6e,be8f7f33_60809302,1,-1,2
4b1efc02_d975992f,e7720dc1_bbdf21a3,1,-1,2
4b1efc02_d975992f,cf9aa982_5cfb6080,1,-1,2
ea206bb4_60d4f09b,28dc9f4b_6fc6bab8,1,-1,2
ea206bb4_60d4f09b,2dc4bb03_66334770,1,-1,2
504c0b4b_aee47c2c,7a5bc505_7e202f96,1,-1,2
504c0b4b_aee47c2c,62615ba_f4f42a8e,1,-1,2
756cf40c_1ec81372,7d408b9_4eb8b090,-1,1,-2
96794351_fca63f16,bdd7d5b6_1ae73fbe,-1,1,-2
5ff9c21a_cf537197,bdd7d5b6_1ae73fbe,-1,1,-2
756cf40c_1ec81372,7e4940e8_aeb1a832,-1,1,-2
756cf40c_1ec81372,b6a6d051_20792743,-1,1,-2
ccc7fb73_c4a2a4d4,89954ee0_5e3dad97,-1,1,-2
3aef501a_80351c26,4ed42ead_334bd0fc,-1,1,-2
10a75c68_452fb489,37aa5f7f_c62fd1e8,-1,1,-2
81007e87_f944e95b,cbbe1935_f9e98718,-1,1,-2
623ad9f0_6c370998,aaf0dc33_5377b4f9,-1,1,-2
b741320d_282c316c,aaf0dc33_5377b4f9,-1,1,-2
756cf40c_1ec81372,84078d7e_45b8a265,-1,1,-2
341022cf_8a9715c4,e851e026_6ddf99b2,-1,1,-2
b29a809b_4ed1f1d8,365f3577_805b0ba6,-1,1,-2
88ed2da5_9979969d,f0acaba6_d3ad6a29,-1,1,-2
3de6d8a0_74036ad3,54cf58aa_f951603c,-1,1,-2
e2abac74_786dd8a0,d82385be_71ac583a,-1,1,-2
81007e87_f944e95b,486d9cf2_10e9ab4d,-1,1,-2
756cf40c_1ec81372,c9317cf2_82d4d3ff,-1,1,-2
428d7973_93c5e9be,6c3e1a67_c3516bd3,-1,1,-2
a769de27_bd24906f,6c3e1a67_c3516bd3,-1,1,-2
756cf40c_1ec81372,2959aa85_ef9aa4db,-1,1,-2
3e2ae3d0_f3d7ff37,9f75f042_48c0ed8c,-1,1,-2
a499cb2b_60e02fad,9f75f042_48c0ed8c,-1,1,-2
7d3ea0b0_fd3600a1,1ff77c5d_3ad166b7,-1,1,-2
96794351_fca63f16,39b10e67_27096fb7,-1,1,-2
11fbc314_aae2e5a4,8764a06f_b414bfe2,-1,1,-2
96794351_fca63f16,8764a06f_b414bfe2,-1,1,-2
9bb080d0_5473c0c0,1792a453_1aa461d1,-1,1,-2
e1eefb96_d6400ac3,4d2ec1c8_99b3eedb,-1,1,-2
a769de27_bd24906f,2b36786b_9865b509,-1,1,-2
2dc4bb03_66334770,9d84ede2_9fcf3c11,-1,1,-2
eb91253d_d131afb4,e362c050_38b82c0a,-1,1,-2
93adb15e_a0fd2c52,6c7e68b2_1e54727d,-1,1,-2
3e2ae3d0_f3d7ff37,6c7e68b2_1e54727d,-1,1,-2
5ff9c21a_cf537197,6826eae0_1a72ca12,-1,1,-2
96794351_fca63f16,7b8343c7_aa7c63c2,-1,1,-2
a553c9de_882037b8,ba69e933_dfbaa916,-1,1,-2
96794351_fca63f16,de61f753_9cf38689,-1,1,-2
7d3ea0b0_fd3600a1,504c0b4b_aee47c2c,-1,1,-2
cf9aa982_5cfb6080,e621337f_ade3e2c5,-1,1,-2
96794351_fca63f16,57aabaee_22fd62bf,-1,1,-2
eb91253d_d131afb4,75e735a9_4e9f3590,-1,1,-2
3edaf519_dc0bbf8d,a817e37_e342ed09,-1,1,-2
623ad9f0_6c370998,aeefe03c_5a7385cf,-1,1,-2
a6d107ce_45a49cf1,aeefe03c_5a7385cf,-1,1,-2
f7845eed_ad409d5e,51ae3474_ba71d128,-1,1,-2
968af9e_80720411,d64339a_4cfd5078,-1,1,-2
112b899c_632c642f,fa71973b_dfeba98c,-1,2,-3
25e8b08e_9e212406,fa71973b_dfeba98c,-1,2,-3
3e2ae3d0_f3d7ff37,f9e3d325_e2339f44,-1,2,-3
341022cf_8a9715c4,381b3ac2_e18d6033,-1,2,-3
76effdcf_a75d185e,5b28ecba_cd96ca30,-1,2,-3
e1eefb96_d6400ac3,b996f101_9c15ac38,-1,2,-3
a6d107ce_45a49cf1,14f907d5_870a692a,-1,2,-3
623ad9f0_6c370998,14f907d5_870a692a,-1,2,-3
3de6d8a0_74036ad3,97e625e8_2b4cb343,-1,2,-3
62a32695_f1ff0b67,4ef00044_557c7c45,-1,2,-3
dfdb7cbc_6b071938,4ef00044_557c7c45,-1,2,-3
eee5dfae_262cf07a,d7d174c9_a57c736,-1,2,-3
a95d21fc_36bdff3a,d7d174c9_a57c736,-1,2,-3
d3947341_8a2c68b7,ba0f6006_5551ee80,-1,2,-3
79ba0979_15d44dc7,6f00dfb2_3a5fbf10,-1,2,-3
dc727c0_25b4af4f,6f00dfb2_3a5fbf10,-1,2,-3
d86d5ce9_fc272483,88de4440_6d3cb3b9,-1,2,-3
bb23e0b6_4caa5f47,417b0cfa_391d3517,-1,2,-3
db7ab4ea_933f531f,59383ff_6451dca3,-1,2,-3
3edaf519_dc0bbf8d,8eba60cc_aef7e817,-1,2,-3
fe8f223c_5e560689,4ed17253_73985cda,-1,2,-3
95564c68_e3e25e4c,758b8c3c_d2b14ae6,-1,2,-3
47c02d3b_4595b8fd,f96fddc9_cd2a0f9a,-1,2,-3
112b899c_632c642f,9a5d7197_2f53f370,-1,2,-3
25e8b08e_9e212406,9a5d7197_2f53f370,-1,2,-3
d5f9069c_905255c5,894c19a2_d1c5907e,-1,2,-3
d8a05627_43f659a5,47cee552_c730f259,-1,2,-3
7d3ea0b0_fd3600a1,65f99e6f_4324fd83,-1,2,-3
ba83348_f625882d,9a33ce1b_c51f5d7a,-1,2,-3
29e3ed08_66de7ee9,d1cc5438_28b2c66f,-1,2,-3
12d60240_b3dcff8f,d1cc5438_28b2c66f,-1,2,-3
d5f9069c_905255c5,e86c52c_ac87e707,-1,2,-3
968af9e_80720411,73904ed7_bdd6c067,-1,2,-3
af1d57a8_1424bf11,b1dac531_43e0259f,-1,2,-3
182694fc_e85c3338,b1dac531_43e0259f,-1,2,-3
623ad9f0_6c370998,9a28f729_4484b287,-1,2,-3
a769de27_bd24906f,9a28f729_4484b287,-1,2,-3
968af9e_80720411,433224d2_8de5da2e,-1,2,-3
428d7973_93c5e9be,c39d69da_93c2a834,-1,2,-3
623ad9f0_6c370998,ee120865_ac1b6f0f,-1,2,-3
f77c2915_f8509483,ee120865_ac1b6f0f,-1,2,-3
74afacd2_ed508332,ee120865_ac1b6f0f,-1,2,-3
a769de27_bd24906f,ee120865_ac1b6f0f,-1,2,-3
a6d107ce_45a49cf1,ee120865_ac1b6f0f,-1,2,-3
fe8f223c_5e560689,8a8e0c13_6557a98d,-1,2,-3
fda053a6_8c93abb8,b1d619fd_7357f9ab,-1,2,-3
831b9722_eb0cbd62,8004eba5_3b3e18e8,-1,2,-3
3644b02b_92a552f9,44e5ee85_112059b3,-1,2,-3
79ba0979_15d44dc7,b0ca3b76_bf7cb59,-1,2,-3
abac7006_dec86d12,69d6ab05_946895a4,-1,2,-3
428d7973_93c5e9be,69d6ab05_946895a4,-1,2,-3
a769de27_bd24906f,69d6ab05_946895a4,-1,2,-3
3e47897c_27551cbf,69d6ab05_946895a4,-1,2,-3
20caf4a_6048d77f,74a241d2_36603c1,-1,2,-3
bb23e0b6_4caa5f47,2043fe18_ed4109a6,-1,2,-3
62615ba_f4f42a8e,e9f6d3ce_88d37956,-1,2,-3
7a5bc505_7e202f96,e9f6d3ce_88d37956,-1,2,-3
2217aa2d_225d604e,e9f6d3ce_88d37956,-1,2,-3
24ca4fa8_f7eb271e,320ed901_a947e23c,-1,2,-3
d23269d4_a40475fd,649e8c4_c617f7a2,-1,2,-3
b82e7c5a_2948d20e,649e8c4_c617f7a2,-1,2,-3
c42f7784_19bb34eb,649e8c4_c617f7a2,-1,2,-3
3644b02b_92a552f9,2cd3cf94_967f0f56,-1,2,-3
dfdb7cbc_6b071938,1fa4288f_ad27ee58,-1,2,-3
3e2ae3d0_f3d7ff37,1fa4288f_ad27ee58,-1,2,-3
a769de27_bd24906f,21db496f_e85c2b8a,-1,2,-3
623ad9f0_6c370998,21db496f_e85c2b8a,-1,2,-3
2e26cc03_b81ae7dd,a72fa721_47d6a908,-1,2,-3
2e76a488_7f46acb5,133d367c_81060f5,-1,2,-3
1e58acc4_98b497a1,133d367c_81060f5,-1,2,-3
3e4185fe_48554cfb,dfd1209c_a3bda77,-1,2,-3
f43eead4_6aa25568,6b1a5cf7_e29d1e2f,-1,2,-3
b741320d_282c316c,a4745ec1_ef71353e,-1,2,-3
623ad9f0_6c370998,a4745ec1_ef71353e,-1,2,-3
623ad9f0_6c370998,406d4db0_c42af02a,-1,2,-3
25e8b08e_9e212406,f072fc16_5c73fa51,-1,2,-3
112b899c_632c642f,f072fc16_5c73fa51,-1,2,-3
623ad9f0_6c370998,bdb24f33_94ee3bf4,-1,2,-3
d835c243_83f3d6ad,bdb24f33_94ee3bf4,-1,2,-3
3644b02b_92a552f9,c4524078_29268712,-1,2,-3
e5a86e54_6acc1ccf,694d89f4_49ef4c1c,-1,2,-3
3e2ae3d0_f3d7ff37,55663ade_ccff7e48,-1,2,-3
a769de27_bd24906f,19fb72ee_3184949e,-1,2,-3
623ad9f0_6c370998,19fb72ee_3184949e,-1,2,-3
3644b02b_92a552f9,bcd6009b_870a89b0,-1,2,-3
47c02d3b_4595b8fd,f94fdac2_e2370bcb,-1,2,-3
756cf40c_1ec81372,d72298f3_1af033d8,-1,2,-3
d5f9069c_905255c5,7d4c6fa_581bb82d,-1,2,-3
3644b02b_92a552f9,bfe9f1e4_e7341de3,-1,2,-3
96794351_fca63f16,d503e6b8_faad880,-1,2,-3
56c338bb_55840ac5,60a13dba_4e8ad05d,-1,2,-3
7f96e860_32dad934,60a13dba_4e8ad05d,-1,2,-3
428d7973_93c5e9be,e4cb6d59_15792b1b,-1,2,-3
182694fc_e85c3338,e4cb6d59_15792b1b,-1,2,-3
fe8f223c_5e560689,e4cb6d59_15792b1b,-1,2,-3
3de6d8a0_74036ad3,4dddc1ed_e753de7e,-1,2,-3
3644b02b_92a552f9,ef3b22e2_3e8bbbc1,-1,2,-3
831b9722_eb0cbd62,bd329c87_ddc0bc01,-1,2,-3
7295669_c50f4599,9a052fea_4dd58d63,-2,1,-3
bd4ddffd_31510789,9a052fea_4dd58d63,-2,1,-3
556ba434_c0ca2371,a5f5f2a1_2f2f4299,-2,1,-3
c7c50da_c9648178,1e65f3b4_a2653430,-2,1,-3
29a147db_6bd23fa6,ca95a094_92996e5d,-2,1,-3
fcf42496_cd6004e3,ca95a094_92996e5d,-2,1,-3
ecb2165e_56c2eefa,ca95a094_92996e5d,-2,1,-3
58de09cf_8eab16d9,9d13cf2d_3f2f216a,-2,1,-3
556ba434_c0ca2371,4ed42ead_334bd0fc,-2,1,-3
58de09cf_8eab16d9,37aa5f7f_c62fd1e8,-2,1,-3
281efba8_9d33b673,c8b405ea_192c6ce0,-2,1,-3
371dc4e1_9a73d27d,8fd3a344_70daee4f,-2,1,-3
c7c50da_c9648178,d71cdd6d_e8514579,-2,1,-3
c7c50da_c9648178,c11d7dd1_e4bdf6a,-2,1,-3
36f4ed0a_ae3f03e9,46e3a4ab_d4edbfb6,-2,1,-3
371dc4e1_9a73d27d,46e3a4ab_d4edbfb6,-2,1,-3
c4098202_59ca60c0,46e3a4ab_d4edbfb6,-2,1,-3
3df1e53a_dc941f45,e851e026_6ddf99b2,-2,1,-3
371dc4e1_9a73d27d,365f3577_805b0ba6,-2,1,-3
fab9ad70_55ade1ae,365f3577_805b0ba6,-2,1,-3
2f88e37e_fe93863a,365f3577_805b0ba6,-2,1,-3
75c50583_9fd5da61,365f3577_805b0ba6,-2,1,-3
c4098202_59ca60c0,365f3577_805b0ba6,-2,1,-3
36f4ed0a_ae3f03e9,365f3577_805b0ba6,-2,1,-3
352e8c74_919a8d,365f3577_805b0ba6,-2,1,-3
672ed073_c43e335a,f0acaba6_d3ad6a29,-2,1,-3
f197f170_82293351,54cf58aa_f951603c,-2,1,-3
36f4ed0a_ae3f03e9,54cf58aa_f951603c,-2,1,-3
c7c50da_c9648178,54cf58aa_f951603c,-2,1,-3
fab9ad70_55ade1ae,54cf58aa_f951603c,-2,1,-3
352e8c74_919a8d,54cf58aa_f951603c,-2,1,-3
2f88e37e_fe93863a,54cf58aa_f951603c,-2,1,-3
75c50583_9fd5da61,54cf58aa_f951603c,-2,1,-3
c4098202_59ca60c0,54cf58aa_f951603c,-2,1,-3
371dc4e1_9a73d27d,54cf58aa_f951603c,-2,1,-3
9778abc2_75264665,d82385be_71ac583a,-2,1,-3
c7c50da_c9648178,d82385be_71ac583a,-2,1,-3
c32bfa2a_78678200,6c3e1a67_c3516bd3,-2,1,-3
281efba8_9d33b673,6c3e1a67_c3516bd3,-2,1,-3
5f3d1d37_f32863b2,6c3e1a67_c3516bd3,-2,1,-3
58de09cf_8eab16d9,79b757f5_f1b83866,-2,1,-3
58de09cf_8eab16d9,26697b96_eb662cf8,-2,1,-3
9f3874f9_11e0224a,9f75f042_48c0ed8c,-2,1,-3
af1213cc_2bd1616e,c59bd5c1_c92cc9bb,-2,1,-3
4d315386_f42f5830,c59bd5c1_c92cc9bb,-2,1,-3
a1edc83a_ef427e72,62b3d9af_98d3e2ae,-2,1,-3
371dc4e1_9a73d27d,b3d276a7_f7faaee1,-2,1,-3
77e4333b_485ca1e6,b3d276a7_f7faaee1,-2,1,-3
36f4ed0a_ae3f03e9,b3d276a7_f7faaee1,-2,1,-3
c4098202_59ca60c0,b3d276a7_f7faaee1,-2,1,-3
a67ee319_66f80681,9d84ede2_9fcf3c11,-2,1,-3
6cf84f5d_4c0afa23,3c1a9de0_25f3c29a,-2,1,-3
c01b8f2e_62ff56f5,3c1a9de0_25f3c29a,-2,1,-3
864387cb_ebe19acc,3c1a9de0_25f3c29a,-2,1,-3
f1b0c016_a16abf55,3c1a9de0_25f3c29a,-2,1,-3
e0dfe7b5_9ded0773,3c1a9de0_25f3c29a,-2,1,-3
d91ca5eb_e5c5f173,3c1a9de0_25f3c29a,-2,1,-3
932297d0_234262e4,3c1a9de0_25f3c29a,-2,1,-3
94ed1273_fc267678,3c1a9de0_25f3c29a,-2,1,-3
5616c572_66e9c1b,ba69e933_dfbaa916,-2,1,-3
ad211225_2ee13686,ba69e933_dfbaa916,-2,1,-3
6001155f_409601b6,ba69e933_dfbaa916,-2,1,-3
f7620647_971a30a2,504c0b4b_aee47c2c,-2,1,-3
f3b6ac1_9e7e7a65,504c0b4b_aee47c2c,-2,1,-3
d80e3379_bb910b49,e621337f_ade3e2c5,-2,1,-3
36f4ed0a_ae3f03e9,640eaf4c_fa4900a7,-2,1,-3
352e8c74_919a8d,640eaf4c_fa4900a7,-2,1,-3
fab9ad70_55ade1ae,640eaf4c_fa4900a7,-2,1,-3
371dc4e1_9a73d27d,640eaf4c_fa4900a7,-2,1,-3
c4098202_59ca60c0,640eaf4c_fa4900a7,-2,1,-3
75c50583_9fd5da61,9f3329db_11165f7e,-2,1,-3
f197f170_82293351,9f3329db_11165f7e,-2,1,-3
2f88e37e_fe93863a,9f3329db_11165f7e,-2,1,-3
fab9ad70_55ade1ae,9f3329db_11165f7e,-2,1,-3
352e8c74_919a8d,9f3329db_11165f7e,-2,1,-3
371dc4e1_9a73d27d,9f3329db_11165f7e,-2,1,-3
c4098202_59ca60c0,9f3329db_11165f7e,-2,1,-3
36f4ed0a_ae3f03e9,9f3329db_11165f7e,-2,1,-3
c7c50da_c9648178,aeefe03c_5a7385cf,-2,1,-3
fbff46d9_b0741550,aeefe03c_5a7385cf,-2,1,-3
4b5451ee_2ef13224,51ae3474_ba71d128,-2,1,-3
560d1488_b69a19f2,51ae3474_ba71d128,-2,1,-3
87425766_57c7c8af,51ae3474_ba71d128,-2,1,-3
62cc9588_ab52061,51ae3474_ba71d128,-2,1,-3
bb2adcba_866587e6,51ae3474_ba71d128,-2,1,-3
91f88269_97413796,51ae3474_ba71d128,-2,1,-3
5ad22641_2d2b8aa,d64339a_4cfd5078,-2,1,-3
ac49a6db_96ef186b,d64339a_4cfd5078,-2,1,-3
556ba434_c0ca2371,b327c470_4f59511d,-2,1,-3
756cf40c_1ec81372,45edb1df_ebc30f1,-1,3,-4
2e76a488_7f46acb5,6eb8038a_d7df65f7,-1,3,-4
3644b02b_92a552f9,3a827cab_264281a5,-1,3,-4
81007e87_f944e95b,c4a4c0e6_c3ac6729,-1,3,-4
afed3574_8fe0ac14,455e1715_2e3e729b,-1,3,-4
9b4cd77e_b7304655,455e1715_2e3e729b,-1,3,-4
3644b02b_92a552f9,db1ff13f_d26f0983,-1,3,-4
81007e87_f944e95b,52a32c86_6266b2ae,-1,3,-4
3edaf519_dc0bbf8d,2b3ad402_e6ef5696,-1,3,-4
f7845eed_ad409d5e,81c56fbe_8b0a8aca,-1,3,-4
95564c68_e3e25e4c,afae8d3a_24c83574,-1,3,-4
abac7006_dec86d12,afae8d3a_24c83574,-1,3,-4
96794351_fca63f16,813d82ea_5fa96950,-1,3,-4
c9e5af71_c58a3fa4,bd49ed3f_22e610ca,-1,3,-4
29e3ed08_66de7ee9,aed62174_23764de6,-1,3,-4
3644b02b_92a552f9,8cce416c_db9f2e72,-1,3,-4
f43eead4_6aa25568,76291bf_3314e70c,-1,3,-4
96adbeb8_f29c5364,b0a25677_3dbe3b26,-1,3,-4
8b6d7232_b60a8f6c,fa71973b_dfeba98c,-2,2,-4
d510c4aa_5b290b82,3166f635_244cda27,-2,2,-4
70c55b2b_5e227625,5ab6fb0e_55091c4d,-2,2,-4
847e72d2_8c536fa0,a562d5f5_714daa7a,-2,2,-4
8cc83ee5_1bf8cee6,2e2c0f72_7ce29cd5,-2,2,-4
8bfea6e5_fc9819c1,15639d61_a55e6a83,-2,2,-4
c4098202_59ca60c0,8bacb65b_5d9e4d86,-2,2,-4
75c50583_9fd5da61,8bacb65b_5d9e4d86,-2,2,-4
352e8c74_919a8d,8bacb65b_5d9e4d86,-2,2,-4
2f88e37e_fe93863a,8bacb65b_5d9e4d86,-2,2,-4
8260e1c3_f518feae,8bacb65b_5d9e4d86,-2,2,-4
f197f170_82293351,8bacb65b_5d9e4d86,-2,2,-4
fab9ad70_55ade1ae,8bacb65b_5d9e4d86,-2,2,-4
36f4ed0a_ae3f03e9,8bacb65b_5d9e4d86,-2,2,-4
371dc4e1_9a73d27d,8bacb65b_5d9e4d86,-2,2,-4
8d861cda_5fe3ecb8,897097bc_948625b8,-2,2,-4
b65ec64_7c5dcd9c,1adad7eb_80ee595e,-2,2,-4
a293b2f9_72b4bf47,73557643_3d4d5114,-2,2,-4
3df1e53a_dc941f45,381b3ac2_e18d6033,-2,2,-4
9eb41358_42038534,18603184_9ab390aa,-2,2,-4
249b61a_6b8d562d,8ab41d6e_dd092c3c,-2,2,-4
ee231e06_25ef239f,19f1fc75_a3df0ed1,-2,2,-4
53eb9df_4e8e8aab,b996f101_9c15ac38,-2,2,-4
6dd57543_f598f862,11d46322_2c18b95d,-2,2,-4
371dc4e1_9a73d27d,18ecf508_4ebf64bf,-2,2,-4
b16601b3_eef5b8b7,14f907d5_870a692a,-2,2,-4
c7c50da_c9648178,2201f246_cb084e46,-2,2,-4
21aedee7_9068bb32,e3b1fb96_2439ac7f,-2,2,-4
1940a646_d4f04a08,d7f8df34_56eaed41,-2,2,-4
d779d2dc_9caae3b5,d7f8df34_56eaed41,-2,2,-4
43b5b2f8_eda17c15,d7f8df34_56eaed41,-2,2,-4
4805c5ba_c6f069ff,d7f8df34_56eaed41,-2,2,-4
36f4ed0a_ae3f03e9,97e625e8_2b4cb343,-2,2,-4
c4098202_59ca60c0,97e625e8_2b4cb343,-2,2,-4
352e8c74_919a8d,97e625e8_2b4cb343,-2,2,-4
75c50583_9fd5da61,97e625e8_2b4cb343,-2,2,-4
371dc4e1_9a73d27d,97e625e8_2b4cb343,-2,2,-4
fab9ad70_55ade1ae,97e625e8_2b4cb343,-2,2,-4
2f88e37e_fe93863a,97e625e8_2b4cb343,-2,2,-4
f197f170_82293351,97e625e8_2b4cb343,-2,2,-4
d510c4aa_5b290b82,4ef00044_557c7c45,-2,2,-4
36f4ed0a_ae3f03e9,4ef00044_557c7c45,-2,2,-4
fab9ad70_55ade1ae,4ef00044_557c7c45,-2,2,-4
f197f170_82293351,4ef00044_557c7c45,-2,2,-4
75c50583_9fd5da61,4ef00044_557c7c45,-2,2,-4
8260e1c3_f518feae,4ef00044_557c7c45,-2,2,-4
371dc4e1_9a73d27d,4ef00044_557c7c45,-2,2,-4
21aedee7_9068bb32,4ef00044_557c7c45,-2,2,-4
352e8c74_919a8d,4ef00044_557c7c45,-2,2,-4
5f3d1d37_f32863b2,4ef00044_557c7c45,-2,2,-4
2f88e37e_fe93863a,4ef00044_557c7c45,-2,2,-4
c4098202_59ca60c0,4ef00044_557c7c45,-2,2,-4
9eb41358_42038534,4afe9465_be8dfa7a,-2,2,-4
21aedee7_9068bb32,caa12de0_a234df25,-2,2,-4
b0f094fd_f6562dc3,febd9796_8b893325,-2,2,-4
d8b2b13e_79a9ec10,febd9796_8b893325,-2,2,-4
ee231e06_25ef239f,893d1485_7e30a83e,-2,2,-4
371dc4e1_9a73d27d,6f4f4448_bccd31a8,-2,2,-4
352e8c74_919a8d,6f4f4448_bccd31a8,-2,2,-4
36f4ed0a_ae3f03e9,6f4f4448_bccd31a8,-2,2,-4
2f88e37e_fe93863a,6f4f4448_bccd31a8,-2,2,-4
75c50583_9fd5da61,6f4f4448_bccd31a8,-2,2,-4
c4098202_59ca60c0,6f4f4448_bccd31a8,-2,2,-4
fab9ad70_55ade1ae,6f4f4448_bccd31a8,-2,2,-4
935e4be4_5454cb87,8020f99c_a201f0f6,-2,2,-4
e7fe6552_4fc94586,8020f99c_a201f0f6,-2,2,-4
20460394_2729800b,8020f99c_a201f0f6,-2,2,-4
867b0a79_2a5cf3db,8b036eb0_55bf778f,-2,2,-4
281efba8_9d33b673,8eba60cc_aef7e817,-2,2,-4
36f4ed0a_ae3f03e9,1d64c118_b7188846,-2,2,-4
75c50583_9fd5da61,1d64c118_b7188846,-2,2,-4
8260e1c3_f518feae,1d64c118_b7188846,-2,2,-4
f197f170_82293351,1d64c118_b7188846,-2,2,-4
2f88e37e_fe93863a,1d64c118_b7188846,-2,2,-4
fab9ad70_55ade1ae,1d64c118_b7188846,-2,2,-4
c4098202_59ca60c0,1d64c118_b7188846,-2,2,-4
371dc4e1_9a73d27d,1d64c118_b7188846,-2,2,-4
352e8c74_919a8d,1d64c118_b7188846,-2,2,-4
f1d21a48_5aab6998,326fced_b2cbc85,-2,2,-4
c6522374_3bd162ad,326fced_b2cbc85,-2,2,-4
bc7b3ef_5c386e0c,f96fddc9_cd2a0f9a,-2,2,-4
51f9be47_aaf77331,f96fddc9_cd2a0f9a,-2,2,-4
ca7cb14e_7cedc83c,f96fddc9_cd2a0f9a,-2,2,-4
ecb2165e_56c2eefa,a5dadb2a_8ec274c9,-2,2,-4
1cee6fb9_e19db6af,a5dadb2a_8ec274c9,-2,2,-4
55d572b2_ccc8efca,9a5d7197_2f53f370,-2,2,-4
75f9ab34_8b7ada24,50819ee5_1c4fecf7,-2,2,-4
450152ba_5a41fc68,50819ee5_1c4fecf7,-2,2,-4
ee231e06_25ef239f,50819ee5_1c4fecf7,-2,2,-4
edfbcfc7_8f6b302b,4d644f88_2f877277,-2,2,-4
9eb41358_42038534,4d644f88_2f877277,-2,2,-4
935e4be4_5454cb87,2e6f58f0_8e3905fc,-2,2,-4
ecb2165e_56c2eefa,2e6f58f0_8e3905fc,-2,2,-4
58de09cf_8eab16d9,819715c6_2dd83994,-2,2,-4
d95ef670_2948deeb,9a33ce1b_c51f5d7a,-2,2,-4
c7c50da_c9648178,272910e1_6edc6a36,-2,2,-4
6ff7fa45_c2633d1,272a5874_1954075e,-2,2,-4
433bef44_c4a97ab8,8aa15488_e698d741,-2,2,-4
e0ff571e_b6d380e3,47ce5315_279cb564,-2,2,-4
249b61a_6b8d562d,a06ecae_e46b4575,-2,2,-4
f9d021cc_ea98d4ce,f5bbea5a_9e3fd2e0,-2,2,-4
5f3d1d37_f32863b2,e1ffddcf_e29638f4,-2,2,-4
556ba434_c0ca2371,73904ed7_bdd6c067,-2,2,-4
8bfea6e5_fc9819c1,9f86508f_6889d45c,-2,2,-4
bdac1eff_9a4ecb4c,9965443_d37e20b0,-2,2,-4
d80e3379_bb910b49,7ffd203b_81de0e52,-2,2,-4
d510c4aa_5b290b82,7ffd203b_81de0e52,-2,2,-4
1a73ef0d_e071143f,91f14d30_5b1a9c02,-2,2,-4
238d4703_545f3d7c,d96020e3_e039145c,-2,2,-4
b65ec64_7c5dcd9c,d96020e3_e039145c,-2,2,-4
1a73ef0d_e071143f,2d6f5eee_43d5685b,-2,2,-4
edfbcfc7_8f6b302b,242a94d3_e77e544d,-2,2,-4
556ba434_c0ca2371,433224d2_8de5da2e,-2,2,-4
b0f094fd_f6562dc3,244560fc_e1d2f5d1,-2,2,-4
d80e3379_bb910b49,479ee8d3_37fac876,-2,2,-4
e25961f4_139abeb5,b577dcee_5d8fa6c9,-2,2,-4
91e51c56_c3397a75,8a8e0c13_6557a98d,-2,2,-4
75c50583_9fd5da61,e586f515_fa854ee5,-2,2,-4
fab9ad70_55ade1ae,e586f515_fa854ee5,-2,2,-4
36f4ed0a_ae3f03e9,e586f515_fa854ee5,-2,2,-4
c4098202_59ca60c0,e586f515_fa854ee5,-2,2,-4
371dc4e1_9a73d27d,e586f515_fa854ee5,-2,2,-4
352e8c74_919a8d,e586f515_fa854ee5,-2,2,-4
2f88e37e_fe93863a,e586f515_fa854ee5,-2,2,-4
371dc4e1_9a73d27d,9779191_d458ccd1,-2,2,-4
edfbcfc7_8f6b302b,b1d619fd_7357f9ab,-2,2,-4
f9d021cc_ea98d4ce,8004eba5_3b3e18e8,-2,2,-4
a043640d_d3e5ce20,44e5ee85_112059b3,-2,2,-4
e4eeddbc_8bc5a3a,44e5ee85_112059b3,-2,2,-4
d510c4aa_5b290b82,44e5ee85_112059b3,-2,2,-4
b551be8_9280b53d,44e5ee85_112059b3,-2,2,-4
7295669_c50f4599,b0ca3b76_bf7cb59,-2,2,-4
ad45ca06_2a4a03d1,ba44e6f8_22693293,-2,2,-4
c4098202_59ca60c0,ba44e6f8_22693293,-2,2,-4
2d28303f_dc2fd3f8,ba44e6f8_22693293,-2,2,-4
36f4ed0a_ae3f03e9,ba44e6f8_22693293,-2,2,-4
58de09cf_8eab16d9,ba44e6f8_22693293,-2,2,-4
371dc4e1_9a73d27d,ba44e6f8_22693293,-2,2,-4
ecb2165e_56c2eefa,40ff36aa_40938769,-2,2,-4
103e94e7_83ade712,6113a845_872757cc,-2,2,-4
c42e0b6_4b6add1f,6113a845_872757cc,-2,2,-4
f9a4b81b_751f4e35,6113a845_872757cc,-2,2,-4
a04d96be_4bff4f94,6113a845_872757cc,-2,2,-4
9192a25f_a6483832,6113a845_872757cc,-2,2,-4
eb84cdcf_74a3af95,6113a845_872757cc,-2,2,-4
78b0e485_44f1708a,74a241d2_36603c1,-2,2,-4
f9b50ddd_758dfb38,74a241d2_36603c1,-2,2,-4
4fa4df9b_c31a0e1e,74a241d2_36603c1,-2,2,-4
371dc4e1_9a73d27d,256649c4_29402af,-2,2,-4
e0ff571e_b6d380e3,256649c4_29402af,-2,2,-4
c4098202_59ca60c0,256649c4_29402af,-2,2,-4
36f4ed0a_ae3f03e9,256649c4_29402af,-2,2,-4
9f3874f9_11e0224a,e9f6d3ce_88d37956,-2,2,-4
1a95cb5_8ea2ea1f,e9f6d3ce_88d37956,-2,2,-4
281efba8_9d33b673,ac3ba1d6_ced71285,-2,2,-4
281efba8_9d33b673,c39f3398_22603837,-2,2,-4
ac49a6db_96ef186b,320ed901_a947e23c,-2,2,-4
8d9937f1_b35e8b99,649e8c4_c617f7a2,-2,2,-4
9e50744a_758f29d0,649e8c4_c617f7a2,-2,2,-4
b65ec64_7c5dcd9c,2cd3cf94_967f0f56,-2,2,-4
37fc243e_79b76789,5fd8960c_31d7a887,-2,2,-4
da582e84_95b8ae8e,5fd8960c_31d7a887,-2,2,-4
598bab43_88b89a17,5fd8960c_31d7a887,-2,2,-4
af1213cc_2bd1616e,21db496f_e85c2b8a,-2,2,-4
ee231e06_25ef239f,aacf852e_5f3345ef,-2,2,-4
21aedee7_9068bb32,526a12f_a4af99dd,-2,2,-4
7d94dd7b_4603a4f3,526a12f_a4af99dd,-2,2,-4
fe2d66ca_ebefa510,526a12f_a4af99dd,-2,2,-4
64ab777a_eeb9784c,133d367c_81060f5,-2,2,-4
a26807f2_6db25ef8,133d367c_81060f5,-2,2,-4
ef0a6174_164d6764,133d367c_81060f5,-2,2,-4
4e024b86_5c224973,133d367c_81060f5,-2,2,-4
6b33b3f0_80fae05e,133d367c_81060f5,-2,2,-4
cee65122_90cdc448,133d367c_81060f5,-2,2,-4
ee1cd543_ab94e0cf,133d367c_81060f5,-2,2,-4
326f263c_4e9e80e4,133d367c_81060f5,-2,2,-4
c0a95aad_8da750bf,133d367c_81060f5,-2,2,-4
b2021d5b_a560ff3e,133d367c_81060f5,-2,2,-4
caad83f8_889c7a82,133d367c_81060f5,-2,2,-4
c4098202_59ca60c0,7cb8305f_70a36a5d,-2,2,-4
371dc4e1_9a73d27d,7cb8305f_70a36a5d,-2,2,-4
36f4ed0a_ae3f03e9,7cb8305f_70a36a5d,-2,2,-4
f9d021cc_ea98d4ce,8dd299fb_cb161213,-2,2,-4
55d572b2_ccc8efca,6b1a5cf7_e29d1e2f,-2,2,-4
560d1488_b69a19f2,6b1a5cf7_e29d1e2f,-2,2,-4
49d12b7b_39e8b4d1,6b1a5cf7_e29d1e2f,-2,2,-4
4980ba5b_624efaa3,6b1a5cf7_e29d1e2f,-2,2,-4
68119635_86b2a921,6b1a5cf7_e29d1e2f,-2,2,-4
371dc4e1_9a73d27d,1ebaa216_99c6ddfa,-2,2,-4
b0f094fd_f6562dc3,406d4db0_c42af02a,-2,2,-4
c7c50da_c9648178,406d4db0_c42af02a,-2,2,-4
8d8bb078_cacdfee6,f072fc16_5c73fa51,-2,2,-4
43b5b2f8_eda17c15,34ddbc2f_91d54040,-2,2,-4
6001155f_409601b6,e4b5df3_4945c388,-2,2,-4
d80e3379_bb910b49,be6e21a8_88dc3d73,-2,2,-4
f1d21a48_5aab6998,c5b67732_8d6d7742,-2,2,-4
c4098202_59ca60c0,8fa85ae_47e6744b,-2,2,-4
371dc4e1_9a73d27d,8fa85ae_47e6744b,-2,2,-4
352e8c74_919a8d,8fa85ae_47e6744b,-2,2,-4
36f4ed0a_ae3f03e9,8fa85ae_47e6744b,-2,2,-4
a7df737e_6247a6aa,532a6744_e85afaf2,-2,2,-4
935e4be4_5454cb87,c4524078_29268712,-2,2,-4
5f3d1d37_f32863b2,c4524078_29268712,-2,2,-4
70c55b2b_5e227625,c4524078_29268712,-2,2,-4
281efba8_9d33b673,c4524078_29268712,-2,2,-4
e7a46602_86841935,c4524078_29268712,-2,2,-4
c8879450_b779e203,d6b9e1d8_e07a18b0,-2,2,-4
36f4ed0a_ae3f03e9,717a92c0_6561ef3a,-2,2,-4
75c50583_9fd5da61,717a92c0_6561ef3a,-2,2,-4
fab9ad70_55ade1ae,717a92c0_6561ef3a,-2,2,-4
352e8c74_919a8d,717a92c0_6561ef3a,-2,2,-4
c4098202_59ca60c0,717a92c0_6561ef3a,-2,2,-4
371dc4e1_9a73d27d,717a92c0_6561ef3a,-2,2,-4
2f88e37e_fe93863a,717a92c0_6561ef3a,-2,2,-4
84dd077d_906ad500,b9d85c21_35de4bcc,-2,2,-4
d80e3379_bb910b49,b9d85c21_35de4bcc,-2,2,-4
97e403de_f4e32dd3,694d89f4_49ef4c1c,-2,2,-4
b65ec64_7c5dcd9c,694d89f4_49ef4c1c,-2,2,-4
6dd57543_f598f862,694d89f4_49ef4c1c,-2,2,-4
1587ff39_88bcc57c,55663ade_ccff7e48,-2,2,-4
fab9ad70_55ade1ae,19fb72ee_3184949e,-2,2,-4
c4098202_59ca60c0,19fb72ee_3184949e,-2,2,-4
371dc4e1_9a73d27d,19fb72ee_3184949e,-2,2,-4
36f4ed0a_ae3f03e9,19fb72ee_3184949e,-2,2,-4
352e8c74_919a8d,19fb72ee_3184949e,-2,2,-4
c7c50da_c9648178,2c5716cf_c8a0e700,-2,2,-4
c7ce7498_87d2dd8a,bcd6009b_870a89b0,-2,2,-4
e5456c59_6dcf165f,bcd6009b_870a89b0,-2,2,-4
51f9be47_aaf77331,f94fdac2_e2370bcb,-2,2,-4
bc7b3ef_5c386e0c,f94fdac2_e2370bcb,-2,2,-4
ca7cb14e_7cedc83c,f94fdac2_e2370bcb,-2,2,-4
8bfea6e5_fc9819c1,7d4c6fa_581bb82d,-2,2,-4
2d28303f_dc2fd3f8,7d4c6fa_581bb82d,-2,2,-4
ca53b1a6_77f746d6,bfe9f1e4_e7341de3,-2,2,-4
e25961f4_139abeb5,bfe9f1e4_e7341de3,-2,2,-4
c8dddb62_b96a7c32,bfe9f1e4_e7341de3,-2,2,-4
e5456c59_6dcf165f,bfe9f1e4_e7341de3,-2,2,-4
c7ce7498_87d2dd8a,bfe9f1e4_e7341de3,-2,2,-4
a13ca06f_a29a51b2,bfe9f1e4_e7341de3,-2,2,-4
e6195ca4_c9f0bbe1,bfe9f1e4_e7341de3,-2,2,-4
d64ee5f9_1ecad219,48730431_9524fd78,-2,2,-4
e7b62523_669ecdf7,48730431_9524fd78,-2,2,-4
f1d21a48_5aab6998,48730431_9524fd78,-2,2,-4
b98e085c_ffd86cc,48730431_9524fd78,-2,2,-4
aa0cc23c_e987f898,eef25e15_54eb4674,-2,2,-4
c4098202_59ca60c0,258e3ae3_afaf2804,-2,2,-4
371dc4e1_9a73d27d,258e3ae3_afaf2804,-2,2,-4
fab9ad70_55ade1ae,258e3ae3_afaf2804,-2,2,-4
75c50583_9fd5da61,258e3ae3_afaf2804,-2,2,-4
36f4ed0a_ae3f03e9,258e3ae3_afaf2804,-2,2,-4
352e8c74_919a8d,258e3ae3_afaf2804,-2,2,-4
2f88e37e_fe93863a,258e3ae3_afaf2804,-2,2,-4
fab9ad70_55ade1ae,eb15b11c_2086cdf0,-2,2,-4
352e8c74_919a8d,eb15b11c_2086cdf0,-2,2,-4
2f88e37e_fe93863a,eb15b11c_2086cdf0,-2,2,-4
371dc4e1_9a73d27d,eb15b11c_2086cdf0,-2,2,-4
75c50583_9fd5da61,eb15b11c_2086cdf0,-2,2,-4
f197f170_82293351,eb15b11c_2086cdf0,-2,2,-4
c4098202_59ca60c0,eb15b11c_2086cdf0,-2,2,-4
36f4ed0a_ae3f03e9,eb15b11c_2086cdf0,-2,2,-4
556ba434_c0ca2371,e4cb6d59_15792b1b,-2,2,-4
f9d021cc_ea98d4ce,bd329c87_ddc0bc01,-2,2,-4
35f486b4_6220564f,ca95a094_92996e5d,-3,1,-4
eb2f6f78_9789bb58,ca95a094_92996e5d,-3,1,-4
16544885_499ee510,c59bd5c1_c92cc9bb,-3,1,-4
40e49402_2d027a1,688d271_ba405a6e,-3,1,-4
324bc14e_5215b502,688d271_ba405a6e,-3,1,-4
4a761c2b_e052c162,aeefe03c_5a7385cf,-3,1,-4
3aef501a_80351c26,38471523_fe405283,-1,4,-5
ccc7fb73_c4a2a4d4,b0a6bf7d_3d060af5,-1,4,-5
85faf74b_ad9ffecf,f91ef529_8a29f33d,-1,4,-5
d86d5ce9_fc272483,4994d25f_fb1355ee,-1,4,-5
371dc4e1_9a73d27d,d2c95676_56a7db59,-2,3,-5
f0bebaa1_5875b6e4,d2c95676_56a7db59,-2,3,-5
2206e633_2dcb9910,d2c95676_56a7db59,-2,3,-5
d510c4aa_5b290b82,f46c3323_43363b22,-2,3,-5
b65ec64_7c5dcd9c,f46c3323_43363b22,-2,3,-5
5f3d1d37_f32863b2,f46c3323_43363b22,-2,3,-5
8bfea6e5_fc9819c1,e4f7319d_c82b0c40,-2,3,-5
3fd2053f_68107937,45edb1df_ebc30f1,-2,3,-5
29a147db_6bd23fa6,248ffccf_7bce26e8,-2,3,-5
371dc4e1_9a73d27d,bb85b041_42e6ab3f,-2,3,-5
352e8c74_919a8d,bb85b041_42e6ab3f,-2,3,-5
36f4ed0a_ae3f03e9,bb85b041_42e6ab3f,-2,3,-5
fab9ad70_55ade1ae,bb85b041_42e6ab3f,-2,3,-5
c4098202_59ca60c0,bb85b041_42e6ab3f,-2,3,-5
a293b2f9_72b4bf47,e3c60e46_7459deae,-2,3,-5
6dd57543_f598f862,c8dd2d02_a9ab9b5a,-2,3,-5
caad83f8_889c7a82,6eb8038a_d7df65f7,-2,3,-5
a26807f2_6db25ef8,6eb8038a_d7df65f7,-2,3,-5
ee231e06_25ef239f,c2ae8950_a4e8efab,-2,3,-5
6dd57543_f598f862,beed83c9_99863551,-2,3,-5
edfbcfc7_8f6b302b,beed83c9_99863551,-2,3,-5
ee231e06_25ef239f,efb6384e_ca0ad266,-2,3,-5
ec4cde55_1e553ce8,e5319212_d913bb25,-2,3,-5
20460394_2729800b,e5319212_d913bb25,-2,3,-5
9eab6682_c53843dc,376bae6f_314cbe19,-2,3,-5
fde25e_d561649c,376bae6f_314cbe19,-2,3,-5
18268661_26928c7d,376bae6f_314cbe19,-2,3,-5
77e4333b_485ca1e6,376bae6f_314cbe19,-2,3,-5
61078f29_4af6c558,3a827cab_264281a5,-2,3,-5
556ba434_c0ca2371,3a827cab_264281a5,-2,3,-5
ce61b100_6441d8b5,3a827cab_264281a5,-2,3,-5
281efba8_9d33b673,455e1715_2e3e729b,-2,3,-5
c8d96b72_5c65742b,455e1715_2e3e729b,-2,3,-5
51f9be47_aaf77331,455e1715_2e3e729b,-2,3,-5
ca7cb14e_7cedc83c,455e1715_2e3e729b,-2,3,-5
ee231e06_25ef239f,5b41368d_ba8edfa7,-2,3,-5
371dc4e1_9a73d27d,7077ed63_de96f676,-2,3,-5
e747d52e_bd28bd4d,cc83d486_462633c8,-2,3,-5
5f3d1d37_f32863b2,29f01cc8_1299d7ff,-2,3,-5
d510c4aa_5b290b82,29f01cc8_1299d7ff,-2,3,-5
ee231e06_25ef239f,672a69f4_953e947e,-2,3,-5
8bfea6e5_fc9819c1,65477840_87aadff8,-2,3,-5
8260e1c3_f518feae,14fc472a_f4b57e09,-2,3,-5
c4098202_59ca60c0,14fc472a_f4b57e09,-2,3,-5
352e8c74_919a8d,14fc472a_f4b57e09,-2,3,-5
fab9ad70_55ade1ae,14fc472a_f4b57e09,-2,3,-5
f197f170_82293351,14fc472a_f4b57e09,-2,3,-5
36f4ed0a_ae3f03e9,14fc472a_f4b57e09,-2,3,-5
75c50583_9fd5da61,14fc472a_f4b57e09,-2,3,-5
371dc4e1_9a73d27d,14fc472a_f4b57e09,-2,3,-5
2f88e37e_fe93863a,14fc472a_f4b57e09,-2,3,-5
fcf42496_cd6004e3,afae8d3a_24c83574,-2,3,-5
4d3f5ed9_a9668185,afae8d3a_24c83574,-2,3,-5
8bfea6e5_fc9819c1,f694e6d9_58516ab3,-2,3,-5
70c55b2b_5e227625,f694e6d9_58516ab3,-2,3,-5
5f3d1d37_f32863b2,bb0cfe48_7ea09cd9,-2,3,-5
d510c4aa_5b290b82,bb0cfe48_7ea09cd9,-2,3,-5
8bfea6e5_fc9819c1,813d82ea_5fa96950,-2,3,-5
70c55b2b_5e227625,813d82ea_5fa96950,-2,3,-5
29a147db_6bd23fa6,bd49ed3f_22e610ca,-2,3,-5
64ab777a_eeb9784c,dcd1065b_11538a5c,-2,3,-5
5f3d1d37_f32863b2,aed62174_23764de6,-2,3,-5
4980ba5b_624efaa3,76291bf_3314e70c,-2,3,-5
8bfea6e5_fc9819c1,79f896c6_8e66bf94,-2,3,-5
8bfea6e5_fc9819c1,6724b45a_df2b3075,-2,3,-5
7d94dd7b_4603a4f3,b31ff284_25a1eea4,-2,3,-5
556ba434_c0ca2371,b31ff284_25a1eea4,-2,3,-5
edd3bd14_3c8c37e6,cb106bbb_15e39af1,-3,2,-5
645444d5_95e6f031,cb106bbb_15e39af1,-3,2,-5
6e0038d3_4f8c55cf,cb106bbb_15e39af1,-3,2,-5
c9f3d77a_e2d6c725,4ed17253_73985cda,-3,2,-5
a3432f79_175eb228,7c28162a_535833,-3,2,-5
e96fc90f_6ba77dcd,9a33ce1b_c51f5d7a,-3,2,-5
d43d32d9_5851a910,d1cc5438_28b2c66f,-3,2,-5
12d8c2c7_c18d6dce,e1ffddcf_e29638f4,-3,2,-5
53278979_ac17df93,431c28f8_710e574c,-3,2,-5
21499923_e6c9b42b,6113a845_872757cc,-3,2,-5
4a761c2b_e052c162,74a241d2_36603c1,-3,2,-5
7e6c4790_4a486152,74a241d2_36603c1,-3,2,-5
d42f67e3_8cf01940,e9f6d3ce_88d37956,-3,2,-5
a834ac14_9c18db5f,133d367c_81060f5,-3,2,-5
b5b7361d_cf586ea0,133d367c_81060f5,-3,2,-5
7d5cf0c1_e5675f41,133d367c_81060f5,-3,2,-5
6c9a6b64_2f633d36,133d367c_81060f5,-3,2,-5
331610dd_e1bcacaa,133d367c_81060f5,-3,2,-5
c0c12699_b50aaefe,133d367c_81060f5,-3,2,-5
655b5b6_6bd93976,133d367c_81060f5,-3,2,-5
f833b27e_60797fcc,133d367c_81060f5,-3,2,-5
a834ac14_9c18db5f,717a92c0_6561ef3a,-3,2,-5
11c8546c_59e94c40,e4cb6d59_15792b1b,-3,2,-5
b3f834fe_cd3e9607,3c4b3e9c_6b68448d,-3,2,-5
29a147db_6bd23fa6,83569979_6e3eedcc,-2,4,-6
eb84cdcf_74a3af95,38471523_fe405283,-2,4,-6
7329da4a_a391b41b,38471523_fe405283,-2,4,-6
307c710a_b3835244,38471523_fe405283,-2,4,-6
556ba434_c0ca2371,38471523_fe405283,-2,4,-6
8bfea6e5_fc9819c1,90d6428_f21b80eb,-2,4,-6
29a147db_6bd23fa6,70af45c5_3ff6612,-2,4,-6
89777ec6_f3a30f2d,c8dd2d02_a9ab9b5a,-3,3,-6
6c9a6b64_2f633d36,6eb8038a_d7df65f7,-3,3,-6
c0c12699_b50aaefe,6eb8038a_d7df65f7,-3,3,-6
b5b7361d_cf586ea0,6eb8038a_d7df65f7,-3,3,-6
7d5cf0c1_e5675f41,6eb8038a_d7df65f7,-3,3,-6
331610dd_e1bcacaa,6eb8038a_d7df65f7,-3,3,-6
822b39fb_60b75a78,ad0d764f_9c7f8847,-3,3,-6
89777ec6_f3a30f2d,efb6384e_ca0ad266,-3,3,-6
8f0cbed4_568f2a88,376bae6f_314cbe19,-3,3,-6
b3f834fe_cd3e9607,455e1715_2e3e729b,-3,3,-6
2bcd6830_b069958,e379c03a_61c3f1da,-3,3,-6
9710bfa0_4b2d7002,e379c03a_61c3f1da,-3,3,-6
8f0cbed4_568f2a88,e379c03a_61c3f1da,-3,3,-6
a0ba99cd_cbb1d5a,5cd4c2df_c496ada1,-3,3,-6
cfe028d3_a5f274d,dcd1065b_11538a5c,-3,3,-6
532743cd_28693c05,cf05a4c2_33380b6b,-4,2,-6
532743cd_28693c05,c39f3398_22603837,-4,2,-6
52907b87_aa3e7910,38471523_fe405283,-3,4,-7
6c9a6b64_2f633d36,70af45c5_3ff6612,-3,4,-7
73fe0531_893dcdb6,5782501d_d52792d1,-4,3,-7
d387bc1c_568ccd2d,376bae6f_314cbe19,-4,3,-7
73fe0531_893dcdb6,5cd4c2df_c496ada1,-4,3,-7
